ann√©e,pop_id,dip_id,nombre_employe,nombre_chomeur
1982,pop_1,dip_1,27,3
1983,pop_1,dip_1,27,2
1984,pop_1,dip_1,28,2
1985,pop_1,dip_1,18,3
1986,pop_1,dip_1,27,2
1987,pop_1,dip_1,21,2
1988,pop_1,dip_1,28,4
1989,pop_1,dip_1,28,2
1990,pop_1,dip_1,36,3
1991,pop_1,dip_1,31,4
1992,pop_1,dip_1,45,6
1993,pop_1,dip_1,46,7
1994,pop_1,dip_1,53,10
1995,pop_1,dip_1,54,14
1996,pop_1,dip_1,53,15
1997,pop_1,dip_1,55,14
1998,pop_1,dip_1,47,11
1999,pop_1,dip_1,52,10
2000,pop_1,dip_1,49,12
2001,pop_1,dip_1,53,7
2002,pop_1,dip_1,54,19
2003,pop_1,dip_1,60,18
2004,pop_1,dip_1,62,16
2005,pop_1,dip_1,75,17
2006,pop_1,dip_1,78,16
2007,pop_1,dip_1,77,15
2008,pop_1,dip_1,86,12
2009,pop_1,dip_1,80,13
2010,pop_1,dip_1,97,18
2011,pop_1,dip_1,98,14
2012,pop_1,dip_1,104,19
2013,pop_1,dip_1,111,20
2014,pop_1,dip_1,116,19
2015,pop_1,dip_1,126,26
2016,pop_1,dip_1,115,25
2017,pop_1,dip_1,131,18
2018,pop_1,dip_1,143,18
2019,pop_1,dip_1,151,23
2020,pop_1,dip_1,161,29
1982,pop_2,dip_1,716,28
1983,pop_2,dip_1,803,26
1984,pop_2,dip_1,832,29
1985,pop_2,dip_1,827,37
1986,pop_2,dip_1,852,33
1987,pop_2,dip_1,895,31
1988,pop_2,dip_1,949,34
1989,pop_2,dip_1,953,22
1990,pop_2,dip_1,987,24
1991,pop_2,dip_1,1006,33
1992,pop_2,dip_1,1029,43
1993,pop_2,dip_1,1097,70
1994,pop_2,dip_1,1134,75
1995,pop_2,dip_1,1154,81
1996,pop_2,dip_1,1163,75
1997,pop_2,dip_1,1192,87
1998,pop_2,dip_1,1219,72
1999,pop_2,dip_1,1262,72
2000,pop_2,dip_1,1297,66
2001,pop_2,dip_1,1327,66
2002,pop_2,dip_1,1325,82
2003,pop_2,dip_1,1345,93
2004,pop_2,dip_1,1341,97
2005,pop_2,dip_1,1386,87
2006,pop_2,dip_1,1463,80
2007,pop_2,dip_1,1531,78
2008,pop_2,dip_1,1543,62
2009,pop_2,dip_1,1613,93
2010,pop_2,dip_1,1705,87
2011,pop_2,dip_1,1815,92
2012,pop_2,dip_1,1837,101
2013,pop_2,dip_1,1908,123
2014,pop_2,dip_1,1980,130
2015,pop_2,dip_1,2032,136
2016,pop_2,dip_1,2124,113
2017,pop_2,dip_1,2221,104
2018,pop_2,dip_1,2296,132
2019,pop_2,dip_1,2372,131
2020,pop_2,dip_1,2472,133
1982,pop_3,dip_1,178,5
1983,pop_3,dip_1,195,3
1984,pop_3,dip_1,184,3
1985,pop_3,dip_1,175,3
1986,pop_3,dip_1,177,2
1987,pop_3,dip_1,181,3
1988,pop_3,dip_1,207,4
1989,pop_3,dip_1,206,4
1990,pop_3,dip_1,226,4
1991,pop_3,dip_1,233,3
1992,pop_3,dip_1,249,4
1993,pop_3,dip_1,263,6
1994,pop_3,dip_1,263,9
1995,pop_3,dip_1,272,8
1996,pop_3,dip_1,314,8
1997,pop_3,dip_1,335,8
1998,pop_3,dip_1,345,11
1999,pop_3,dip_1,367,9
2000,pop_3,dip_1,394,9
2001,pop_3,dip_1,434,10
2002,pop_3,dip_1,465,12
2003,pop_3,dip_1,475,14
2004,pop_3,dip_1,468,18
2005,pop_3,dip_1,486,18
2006,pop_3,dip_1,454,22
2007,pop_3,dip_1,495,18
2008,pop_3,dip_1,518,20
2009,pop_3,dip_1,538,18
2010,pop_3,dip_1,562,17
2011,pop_3,dip_1,590,24
2012,pop_3,dip_1,652,24
2013,pop_3,dip_1,661,38
2014,pop_3,dip_1,683,39
2015,pop_3,dip_1,762,37
2016,pop_3,dip_1,763,34
2017,pop_3,dip_1,774,33
2018,pop_3,dip_1,842,40
2019,pop_3,dip_1,862,44
2020,pop_3,dip_1,937,34
1982,pop_4,dip_1,34,7
1983,pop_4,dip_1,51,7
1984,pop_4,dip_1,47,3
1985,pop_4,dip_1,44,2
1986,pop_4,dip_1,49,13
1987,pop_4,dip_1,42,11
1988,pop_4,dip_1,46,13
1989,pop_4,dip_1,56,10
1990,pop_4,dip_1,61,11
1991,pop_4,dip_1,51,10
1992,pop_4,dip_1,56,13
1993,pop_4,dip_1,61,17
1994,pop_4,dip_1,59,19
1995,pop_4,dip_1,71,24
1996,pop_4,dip_1,77,28
1997,pop_4,dip_1,94,25
1998,pop_4,dip_1,103,28
1999,pop_4,dip_1,91,25
2000,pop_4,dip_1,118,23
2001,pop_4,dip_1,123,13
2002,pop_4,dip_1,113,17
2003,pop_4,dip_1,114,18
2004,pop_4,dip_1,121,18
2005,pop_4,dip_1,121,24
2006,pop_4,dip_1,120,22
2007,pop_4,dip_1,128,15
2008,pop_4,dip_1,149,18
2009,pop_4,dip_1,138,20
2010,pop_4,dip_1,135,20
2011,pop_4,dip_1,134,23
2012,pop_4,dip_1,134,23
2013,pop_4,dip_1,152,26
2014,pop_4,dip_1,172,27
2015,pop_4,dip_1,168,29
2016,pop_4,dip_1,189,33
2017,pop_4,dip_1,209,25
2018,pop_4,dip_1,232,28
2019,pop_4,dip_1,247,26
2020,pop_4,dip_1,257,37
1982,pop_5,dip_1,364,19
1983,pop_5,dip_1,382,19
1984,pop_5,dip_1,423,23
1985,pop_5,dip_1,434,29
1986,pop_5,dip_1,465,36
1987,pop_5,dip_1,493,36
1988,pop_5,dip_1,536,34
1989,pop_5,dip_1,554,34
1990,pop_5,dip_1,599,32
1991,pop_5,dip_1,642,39
1992,pop_5,dip_1,686,42
1993,pop_5,dip_1,768,57
1994,pop_5,dip_1,805,54
1995,pop_5,dip_1,841,64
1996,pop_5,dip_1,870,84
1997,pop_5,dip_1,910,87
1998,pop_5,dip_1,957,84
1999,pop_5,dip_1,1021,79
2000,pop_5,dip_1,1086,74
2001,pop_5,dip_1,1155,71
2002,pop_5,dip_1,1237,81
2003,pop_5,dip_1,1288,91
2004,pop_5,dip_1,1339,105
2005,pop_5,dip_1,1445,93
2006,pop_5,dip_1,1517,91
2007,pop_5,dip_1,1565,96
2008,pop_5,dip_1,1700,85
2009,pop_5,dip_1,1769,102
2010,pop_5,dip_1,1843,105
2011,pop_5,dip_1,1946,116
2012,pop_5,dip_1,2036,117
2013,pop_5,dip_1,2093,129
2014,pop_5,dip_1,2209,154
2015,pop_5,dip_1,2323,148
2016,pop_5,dip_1,2470,149
2017,pop_5,dip_1,2539,140
2018,pop_5,dip_1,2705,140
2019,pop_5,dip_1,2835,140
2020,pop_5,dip_1,2952,164
1982,pop_6,dip_1,46,2
1983,pop_6,dip_1,49,2
1984,pop_6,dip_1,47,1
1985,pop_6,dip_1,49,1
1986,pop_6,dip_1,47,3
1987,pop_6,dip_1,46,4
1988,pop_6,dip_1,55,2
1989,pop_6,dip_1,62,2
1990,pop_6,dip_1,70,2
1991,pop_6,dip_1,75,4
1992,pop_6,dip_1,79,3
1993,pop_6,dip_1,93,4
1994,pop_6,dip_1,101,2
1995,pop_6,dip_1,111,6
1996,pop_6,dip_1,125,6
1997,pop_6,dip_1,144,6
1998,pop_6,dip_1,155,4
1999,pop_6,dip_1,171,7
2000,pop_6,dip_1,191,6
2001,pop_6,dip_1,211,6
2002,pop_6,dip_1,237,7
2003,pop_6,dip_1,263,9
2004,pop_6,dip_1,293,9
2005,pop_6,dip_1,311,11
2006,pop_6,dip_1,309,9
2007,pop_6,dip_1,313,10
2008,pop_6,dip_1,361,7
2009,pop_6,dip_1,382,13
2010,pop_6,dip_1,372,15
2011,pop_6,dip_1,396,16
2012,pop_6,dip_1,452,16
2013,pop_6,dip_1,471,23
2014,pop_6,dip_1,522,25
2015,pop_6,dip_1,557,25
2016,pop_6,dip_1,571,26
2017,pop_6,dip_1,618,24
2018,pop_6,dip_1,690,30
2019,pop_6,dip_1,764,30
2020,pop_6,dip_1,828,31
1982,pop_1,dip_2,77,5
1983,pop_1,dip_2,82,9
1984,pop_1,dip_2,92,11
1985,pop_1,dip_2,103,8
1986,pop_1,dip_2,98,11
1987,pop_1,dip_2,104,12
1988,pop_1,dip_2,108,10
1989,pop_1,dip_2,108,9
1990,pop_1,dip_2,113,11
1991,pop_1,dip_2,111,6
1992,pop_1,dip_2,123,15
1993,pop_1,dip_2,137,23
1994,pop_1,dip_2,122,30
1995,pop_1,dip_2,130,30
1996,pop_1,dip_2,132,24
1997,pop_1,dip_2,138,33
1998,pop_1,dip_2,142,28
1999,pop_1,dip_2,144,27
2000,pop_1,dip_2,154,18
2001,pop_1,dip_2,151,20
2002,pop_1,dip_2,157,27
2003,pop_1,dip_2,152,25
2004,pop_1,dip_2,157,28
2005,pop_1,dip_2,147,24
2006,pop_1,dip_2,153,30
2007,pop_1,dip_2,141,19
2008,pop_1,dip_2,136,16
2009,pop_1,dip_2,138,23
2010,pop_1,dip_2,130,24
2011,pop_1,dip_2,125,21
2012,pop_1,dip_2,134,25
2013,pop_1,dip_2,149,27
2014,pop_1,dip_2,149,27
2015,pop_1,dip_2,149,32
2016,pop_1,dip_2,157,27
2017,pop_1,dip_2,164,26
2018,pop_1,dip_2,166,23
2019,pop_1,dip_2,168,23
2020,pop_1,dip_2,151,23
1982,pop_2,dip_2,392,5
1983,pop_2,dip_2,412,6
1984,pop_2,dip_2,464,8
1985,pop_2,dip_2,493,8
1986,pop_2,dip_2,510,7
1987,pop_2,dip_2,539,8
1988,pop_2,dip_2,556,9
1989,pop_2,dip_2,574,9
1990,pop_2,dip_2,605,11
1991,pop_2,dip_2,648,13
1992,pop_2,dip_2,696,20
1993,pop_2,dip_2,738,35
1994,pop_2,dip_2,770,34
1995,pop_2,dip_2,807,33
1996,pop_2,dip_2,839,35
1997,pop_2,dip_2,868,43
1998,pop_2,dip_2,896,38
1999,pop_2,dip_2,947,36
2000,pop_2,dip_2,978,30
2001,pop_2,dip_2,1042,29
2002,pop_2,dip_2,1048,36
2003,pop_2,dip_2,1087,44
2004,pop_2,dip_2,1133,55
2005,pop_2,dip_2,1164,54
2006,pop_2,dip_2,1229,52
2007,pop_2,dip_2,1222,57
2008,pop_2,dip_2,1256,39
2009,pop_2,dip_2,1313,61
2010,pop_2,dip_2,1296,65
2011,pop_2,dip_2,1277,59
2012,pop_2,dip_2,1313,71
2013,pop_2,dip_2,1366,73
2014,pop_2,dip_2,1379,79
2015,pop_2,dip_2,1341,83
2016,pop_2,dip_2,1380,65
2017,pop_2,dip_2,1351,61
2018,pop_2,dip_2,1340,66
2019,pop_2,dip_2,1357,58
2020,pop_2,dip_2,1316,64
1982,pop_3,dip_2,52,0
1983,pop_3,dip_2,53,0
1984,pop_3,dip_2,51,0
1985,pop_3,dip_2,51,0
1986,pop_3,dip_2,54,1
1987,pop_3,dip_2,53,0
1988,pop_3,dip_2,54,1
1989,pop_3,dip_2,56,0
1990,pop_3,dip_2,58,0
1991,pop_3,dip_2,59,1
1992,pop_3,dip_2,62,1
1993,pop_3,dip_2,72,1
1994,pop_3,dip_2,72,1
1995,pop_3,dip_2,89,2
1996,pop_3,dip_2,105,2
1997,pop_3,dip_2,105,3
1998,pop_3,dip_2,114,3
1999,pop_3,dip_2,133,2
2000,pop_3,dip_2,145,2
2001,pop_3,dip_2,162,3
2002,pop_3,dip_2,170,4
2003,pop_3,dip_2,189,6
2004,pop_3,dip_2,202,8
2005,pop_3,dip_2,223,13
2006,pop_3,dip_2,226,16
2007,pop_3,dip_2,248,16
2008,pop_3,dip_2,251,11
2009,pop_3,dip_2,260,13
2010,pop_3,dip_2,290,12
2011,pop_3,dip_2,306,12
2012,pop_3,dip_2,335,12
2013,pop_3,dip_2,364,16
2014,pop_3,dip_2,382,24
2015,pop_3,dip_2,402,25
2016,pop_3,dip_2,432,29
2017,pop_3,dip_2,434,26
2018,pop_3,dip_2,477,24
2019,pop_3,dip_2,503,26
2020,pop_3,dip_2,534,26
1982,pop_4,dip_2,112,9
1983,pop_4,dip_2,115,13
1984,pop_4,dip_2,121,10
1985,pop_4,dip_2,118,12
1986,pop_4,dip_2,132,15
1987,pop_4,dip_2,141,14
1988,pop_4,dip_2,138,12
1989,pop_4,dip_2,135,11
1990,pop_4,dip_2,136,11
1991,pop_4,dip_2,137,18
1992,pop_4,dip_2,138,20
1993,pop_4,dip_2,154,27
1994,pop_4,dip_2,144,30
1995,pop_4,dip_2,157,30
1996,pop_4,dip_2,146,41
1997,pop_4,dip_2,152,38
1998,pop_4,dip_2,147,32
1999,pop_4,dip_2,160,32
2000,pop_4,dip_2,184,23
2001,pop_4,dip_2,199,22
2002,pop_4,dip_2,196,26
2003,pop_4,dip_2,192,29
2004,pop_4,dip_2,186,24
2005,pop_4,dip_2,186,30
2006,pop_4,dip_2,172,25
2007,pop_4,dip_2,191,28
2008,pop_4,dip_2,192,18
2009,pop_4,dip_2,183,22
2010,pop_4,dip_2,165,22
2011,pop_4,dip_2,138,20
2012,pop_4,dip_2,148,24
2013,pop_4,dip_2,147,30
2014,pop_4,dip_2,141,24
2015,pop_4,dip_2,145,24
2016,pop_4,dip_2,146,27
2017,pop_4,dip_2,140,23
2018,pop_4,dip_2,133,23
2019,pop_4,dip_2,141,21
2020,pop_4,dip_2,155,21
1982,pop_5,dip_2,581,17
1983,pop_5,dip_2,625,14
1984,pop_5,dip_2,670,18
1985,pop_5,dip_2,681,20
1986,pop_5,dip_2,721,22
1987,pop_5,dip_2,734,26
1988,pop_5,dip_2,764,27
1989,pop_5,dip_2,791,29
1990,pop_5,dip_2,829,28
1991,pop_5,dip_2,876,33
1992,pop_5,dip_2,914,38
1993,pop_5,dip_2,992,57
1994,pop_5,dip_2,1044,64
1995,pop_5,dip_2,1101,60
1996,pop_5,dip_2,1128,61
1997,pop_5,dip_2,1140,71
1998,pop_5,dip_2,1183,73
1999,pop_5,dip_2,1225,71
2000,pop_5,dip_2,1279,56
2001,pop_5,dip_2,1320,62
2002,pop_5,dip_2,1355,59
2003,pop_5,dip_2,1367,68
2004,pop_5,dip_2,1368,69
2005,pop_5,dip_2,1413,80
2006,pop_5,dip_2,1481,72
2007,pop_5,dip_2,1538,65
2008,pop_5,dip_2,1531,66
2009,pop_5,dip_2,1591,81
2010,pop_5,dip_2,1580,72
2011,pop_5,dip_2,1561,72
2012,pop_5,dip_2,1597,87
2013,pop_5,dip_2,1697,96
2014,pop_5,dip_2,1740,103
2015,pop_5,dip_2,1721,108
2016,pop_5,dip_2,1636,85
2017,pop_5,dip_2,1590,88
2018,pop_5,dip_2,1590,95
2019,pop_5,dip_2,1599,80
2020,pop_5,dip_2,1582,73
1982,pop_6,dip_2,52,4
1983,pop_6,dip_2,57,8
1984,pop_6,dip_2,53,5
1985,pop_6,dip_2,56,6
1986,pop_6,dip_2,57,5
1987,pop_6,dip_2,60,3
1988,pop_6,dip_2,62,5
1989,pop_6,dip_2,70,2
1990,pop_6,dip_2,73,3
1991,pop_6,dip_2,74,2
1992,pop_6,dip_2,78,3
1993,pop_6,dip_2,93,4
1994,pop_6,dip_2,101,6
1995,pop_6,dip_2,110,6
1996,pop_6,dip_2,123,5
1997,pop_6,dip_2,138,6
1998,pop_6,dip_2,159,8
1999,pop_6,dip_2,173,10
2000,pop_6,dip_2,199,6
2001,pop_6,dip_2,208,9
2002,pop_6,dip_2,228,10
2003,pop_6,dip_2,247,11
2004,pop_6,dip_2,263,9
2005,pop_6,dip_2,283,8
2006,pop_6,dip_2,295,12
2007,pop_6,dip_2,319,13
2008,pop_6,dip_2,360,10
2009,pop_6,dip_2,363,13
2010,pop_6,dip_2,389,16
2011,pop_6,dip_2,406,15
2012,pop_6,dip_2,427,13
2013,pop_6,dip_2,479,16
2014,pop_6,dip_2,516,22
2015,pop_6,dip_2,546,22
2016,pop_6,dip_2,571,28
2017,pop_6,dip_2,607,28
2018,pop_6,dip_2,614,27
2019,pop_6,dip_2,640,23
2020,pop_6,dip_2,682,27
1982,pop_1,dip_3,219,38
1983,pop_1,dip_3,224,41
1984,pop_1,dip_3,219,55
1985,pop_1,dip_3,220,51
1986,pop_1,dip_3,226,42
1987,pop_1,dip_3,205,47
1988,pop_1,dip_3,205,30
1989,pop_1,dip_3,196,31
1990,pop_1,dip_3,205,25
1991,pop_1,dip_3,193,19
1992,pop_1,dip_3,223,17
1993,pop_1,dip_3,226,37
1994,pop_1,dip_3,233,46
1995,pop_1,dip_3,261,32
1996,pop_1,dip_3,292,39
1997,pop_1,dip_3,286,44
1998,pop_1,dip_3,290,46
1999,pop_1,dip_3,320,48
2000,pop_1,dip_3,359,38
2001,pop_1,dip_3,363,41
2002,pop_1,dip_3,357,43
2003,pop_1,dip_3,344,49
2004,pop_1,dip_3,319,60
2005,pop_1,dip_3,321,56
2006,pop_1,dip_3,332,64
2007,pop_1,dip_3,328,54
2008,pop_1,dip_3,363,62
2009,pop_1,dip_3,348,77
2010,pop_1,dip_3,352,73
2011,pop_1,dip_3,366,70
2012,pop_1,dip_3,360,89
2013,pop_1,dip_3,386,94
2014,pop_1,dip_3,398,105
2015,pop_1,dip_3,417,109
2016,pop_1,dip_3,410,108
2017,pop_1,dip_3,441,105
2018,pop_1,dip_3,476,106
2019,pop_1,dip_3,489,106
2020,pop_1,dip_3,486,117
1982,pop_2,dip_3,795,24
1983,pop_2,dip_3,831,21
1984,pop_2,dip_3,850,27
1985,pop_2,dip_3,861,34
1986,pop_2,dip_3,888,39
1987,pop_2,dip_3,919,34
1988,pop_2,dip_3,972,36
1989,pop_2,dip_3,976,35
1990,pop_2,dip_3,998,36
1991,pop_2,dip_3,1028,34
1992,pop_2,dip_3,1018,41
1993,pop_2,dip_3,976,55
1994,pop_2,dip_3,990,70
1995,pop_2,dip_3,1028,65
1996,pop_2,dip_3,1024,73
1997,pop_2,dip_3,1054,81
1998,pop_2,dip_3,1089,80
1999,pop_2,dip_3,1121,75
2000,pop_2,dip_3,1187,66
2001,pop_2,dip_3,1218,62
2002,pop_2,dip_3,1283,70
2003,pop_2,dip_3,1301,82
2004,pop_2,dip_3,1358,79
2005,pop_2,dip_3,1409,97
2006,pop_2,dip_3,1493,95
2007,pop_2,dip_3,1599,86
2008,pop_2,dip_3,1690,88
2009,pop_2,dip_3,1623,112
2010,pop_2,dip_3,1660,116
2011,pop_2,dip_3,1657,119
2012,pop_2,dip_3,1663,143
2013,pop_2,dip_3,1692,160
2014,pop_2,dip_3,1692,150
2015,pop_2,dip_3,1765,157
2016,pop_2,dip_3,1792,153
2017,pop_2,dip_3,1801,128
2018,pop_2,dip_3,1811,123
2019,pop_2,dip_3,1786,124
2020,pop_2,dip_3,1768,130
1982,pop_3,dip_3,247,12
1983,pop_3,dip_3,234,9
1984,pop_3,dip_3,210,12
1985,pop_3,dip_3,201,8
1986,pop_3,dip_3,214,13
1987,pop_3,dip_3,219,14
1988,pop_3,dip_3,210,13
1989,pop_3,dip_3,224,9
1990,pop_3,dip_3,223,7
1991,pop_3,dip_3,212,6
1992,pop_3,dip_3,213,5
1993,pop_3,dip_3,198,6
1994,pop_3,dip_3,211,7
1995,pop_3,dip_3,206,7
1996,pop_3,dip_3,220,7
1997,pop_3,dip_3,236,10
1998,pop_3,dip_3,253,11
1999,pop_3,dip_3,280,12
2000,pop_3,dip_3,286,10
2001,pop_3,dip_3,297,8
2002,pop_3,dip_3,297,13
2003,pop_3,dip_3,316,15
2004,pop_3,dip_3,346,16
2005,pop_3,dip_3,386,16
2006,pop_3,dip_3,390,23
2007,pop_3,dip_3,418,15
2008,pop_3,dip_3,448,14
2009,pop_3,dip_3,434,21
2010,pop_3,dip_3,444,22
2011,pop_3,dip_3,472,20
2012,pop_3,dip_3,490,27
2013,pop_3,dip_3,509,29
2014,pop_3,dip_3,534,32
2015,pop_3,dip_3,510,32
2016,pop_3,dip_3,525,38
2017,pop_3,dip_3,514,36
2018,pop_3,dip_3,544,34
2019,pop_3,dip_3,565,30
2020,pop_3,dip_3,551,27
1982,pop_4,dip_3,252,30
1983,pop_4,dip_3,260,36
1984,pop_4,dip_3,265,36
1985,pop_4,dip_3,262,37
1986,pop_4,dip_3,288,26
1987,pop_4,dip_3,268,26
1988,pop_4,dip_3,242,27
1989,pop_4,dip_3,234,30
1990,pop_4,dip_3,230,32
1991,pop_4,dip_3,213,36
1992,pop_4,dip_3,225,43
1993,pop_4,dip_3,210,52
1994,pop_4,dip_3,208,59
1995,pop_4,dip_3,219,54
1996,pop_4,dip_3,233,56
1997,pop_4,dip_3,224,69
1998,pop_4,dip_3,256,61
1999,pop_4,dip_3,261,57
2000,pop_4,dip_3,283,45
2001,pop_4,dip_3,279,41
2002,pop_4,dip_3,309,48
2003,pop_4,dip_3,313,57
2004,pop_4,dip_3,351,79
2005,pop_4,dip_3,351,76
2006,pop_4,dip_3,348,72
2007,pop_4,dip_3,360,64
2008,pop_4,dip_3,339,60
2009,pop_4,dip_3,372,81
2010,pop_4,dip_3,364,93
2011,pop_4,dip_3,366,89
2012,pop_4,dip_3,354,93
2013,pop_4,dip_3,342,103
2014,pop_4,dip_3,366,101
2015,pop_4,dip_3,386,106
2016,pop_4,dip_3,377,108
2017,pop_4,dip_3,408,104
2018,pop_4,dip_3,433,99
2019,pop_4,dip_3,441,95
2020,pop_4,dip_3,408,99
1982,pop_5,dip_3,679,35
1983,pop_5,dip_3,734,38
1984,pop_5,dip_3,792,46
1985,pop_5,dip_3,843,45
1986,pop_5,dip_3,894,48
1987,pop_5,dip_3,943,61
1988,pop_5,dip_3,998,61
1989,pop_5,dip_3,1032,68
1990,pop_5,dip_3,1075,64
1991,pop_5,dip_3,1088,73
1992,pop_5,dip_3,1110,73
1993,pop_5,dip_3,1104,96
1994,pop_5,dip_3,1124,104
1995,pop_5,dip_3,1149,102
1996,pop_5,dip_3,1219,108
1997,pop_5,dip_3,1228,117
1998,pop_5,dip_3,1285,121
1999,pop_5,dip_3,1326,121
2000,pop_5,dip_3,1388,115
2001,pop_5,dip_3,1417,105
2002,pop_5,dip_3,1471,105
2003,pop_5,dip_3,1476,113
2004,pop_5,dip_3,1478,127
2005,pop_5,dip_3,1524,128
2006,pop_5,dip_3,1532,138
2007,pop_5,dip_3,1625,128
2008,pop_5,dip_3,1713,125
2009,pop_5,dip_3,1699,139
2010,pop_5,dip_3,1683,149
2011,pop_5,dip_3,1723,159
2012,pop_5,dip_3,1705,175
2013,pop_5,dip_3,1694,178
2014,pop_5,dip_3,1620,182
2015,pop_5,dip_3,1659,178
2016,pop_5,dip_3,1618,177
2017,pop_5,dip_3,1591,191
2018,pop_5,dip_3,1594,181
2019,pop_5,dip_3,1585,158
2020,pop_5,dip_3,1560,143
1982,pop_6,dip_3,130,2
1983,pop_6,dip_3,126,2
1984,pop_6,dip_3,124,2
1985,pop_6,dip_3,122,2
1986,pop_6,dip_3,136,2
1987,pop_6,dip_3,139,2
1988,pop_6,dip_3,135,2
1989,pop_6,dip_3,134,3
1990,pop_6,dip_3,137,3
1991,pop_6,dip_3,145,5
1992,pop_6,dip_3,154,6
1993,pop_6,dip_3,144,5
1994,pop_6,dip_3,161,6
1995,pop_6,dip_3,169,7
1996,pop_6,dip_3,180,7
1997,pop_6,dip_3,205,7
1998,pop_6,dip_3,230,12
1999,pop_6,dip_3,244,12
2000,pop_6,dip_3,264,11
2001,pop_6,dip_3,284,10
2002,pop_6,dip_3,295,12
2003,pop_6,dip_3,333,14
2004,pop_6,dip_3,338,23
2005,pop_6,dip_3,366,22
2006,pop_6,dip_3,408,19
2007,pop_6,dip_3,432,18
2008,pop_6,dip_3,476,15
2009,pop_6,dip_3,470,27
2010,pop_6,dip_3,489,22
2011,pop_6,dip_3,535,25
2012,pop_6,dip_3,561,36
2013,pop_6,dip_3,576,40
2014,pop_6,dip_3,607,39
2015,pop_6,dip_3,632,41
2016,pop_6,dip_3,656,43
2017,pop_6,dip_3,656,40
2018,pop_6,dip_3,672,37
2019,pop_6,dip_3,706,47
2020,pop_6,dip_3,710,43
1982,pop_1,dip_4,817,80
1983,pop_1,dip_4,846,87
1984,pop_1,dip_4,811,114
1985,pop_1,dip_4,792,128
1986,pop_1,dip_4,822,113
1987,pop_1,dip_4,818,103
1988,pop_1,dip_4,771,92
1989,pop_1,dip_4,773,75
1990,pop_1,dip_4,713,80
1991,pop_1,dip_4,647,75
1992,pop_1,dip_4,588,93
1993,pop_1,dip_4,515,105
1994,pop_1,dip_4,457,94
1995,pop_1,dip_4,426,72
1996,pop_1,dip_4,387,89
1997,pop_1,dip_4,354,81
1998,pop_1,dip_4,341,75
1999,pop_1,dip_4,347,87
2000,pop_1,dip_4,383,62
2001,pop_1,dip_4,396,54
2002,pop_1,dip_4,405,68
2003,pop_1,dip_4,392,75
2004,pop_1,dip_4,405,84
2005,pop_1,dip_4,393,86
2006,pop_1,dip_4,377,77
2007,pop_1,dip_4,381,67
2008,pop_1,dip_4,387,77
2009,pop_1,dip_4,369,105
2010,pop_1,dip_4,354,89
2011,pop_1,dip_4,331,84
2012,pop_1,dip_4,289,86
2013,pop_1,dip_4,260,93
2014,pop_1,dip_4,258,90
2015,pop_1,dip_4,249,98
2016,pop_1,dip_4,252,90
2017,pop_1,dip_4,244,84
2018,pop_1,dip_4,242,72
2019,pop_1,dip_4,207,57
2020,pop_1,dip_4,187,42
1982,pop_2,dip_4,2499,91
1983,pop_2,dip_4,2481,104
1984,pop_2,dip_4,2525,128
1985,pop_2,dip_4,2595,164
1986,pop_2,dip_4,2694,175
1987,pop_2,dip_4,2791,189
1988,pop_2,dip_4,2882,180
1989,pop_2,dip_4,3052,167
1990,pop_2,dip_4,3125,162
1991,pop_2,dip_4,3190,181
1992,pop_2,dip_4,3219,205
1993,pop_2,dip_4,3269,250
1994,pop_2,dip_4,3345,280
1995,pop_2,dip_4,3413,255
1996,pop_2,dip_4,3380,288
1997,pop_2,dip_4,3375,289
1998,pop_2,dip_4,3381,267
1999,pop_2,dip_4,3343,237
2000,pop_2,dip_4,3338,206
2001,pop_2,dip_4,3289,177
2002,pop_2,dip_4,3227,169
2003,pop_2,dip_4,3114,175
2004,pop_2,dip_4,3031,171
2005,pop_2,dip_4,2940,174
2006,pop_2,dip_4,2845,182
2007,pop_2,dip_4,2815,174
2008,pop_2,dip_4,2772,158
2009,pop_2,dip_4,2650,197
2010,pop_2,dip_4,2555,195
2011,pop_2,dip_4,2434,201
2012,pop_2,dip_4,2316,222
2013,pop_2,dip_4,2289,259
2014,pop_2,dip_4,2294,284
2015,pop_2,dip_4,2193,267
2016,pop_2,dip_4,2092,267
2017,pop_2,dip_4,2042,239
2018,pop_2,dip_4,1949,204
2019,pop_2,dip_4,1872,177
2020,pop_2,dip_4,1770,168
1982,pop_3,dip_4,326,18
1983,pop_3,dip_4,331,14
1984,pop_3,dip_4,341,17
1985,pop_3,dip_4,365,21
1986,pop_3,dip_4,382,27
1987,pop_3,dip_4,410,25
1988,pop_3,dip_4,405,23
1989,pop_3,dip_4,436,22
1990,pop_3,dip_4,445,19
1991,pop_3,dip_4,457,30
1992,pop_3,dip_4,468,31
1993,pop_3,dip_4,502,37
1994,pop_3,dip_4,529,34
1995,pop_3,dip_4,549,38
1996,pop_3,dip_4,560,51
1997,pop_3,dip_4,608,41
1998,pop_3,dip_4,654,52
1999,pop_3,dip_4,694,53
2000,pop_3,dip_4,742,44
2001,pop_3,dip_4,791,40
2002,pop_3,dip_4,856,48
2003,pop_3,dip_4,896,48
2004,pop_3,dip_4,941,43
2005,pop_3,dip_4,940,40
2006,pop_3,dip_4,961,34
2007,pop_3,dip_4,967,33
2008,pop_3,dip_4,989,36
2009,pop_3,dip_4,1024,48
2010,pop_3,dip_4,1095,61
2011,pop_3,dip_4,1151,62
2012,pop_3,dip_4,1180,73
2013,pop_3,dip_4,1249,82
2014,pop_3,dip_4,1355,87
2015,pop_3,dip_4,1378,106
2016,pop_3,dip_4,1408,97
2017,pop_3,dip_4,1439,95
2018,pop_3,dip_4,1411,98
2019,pop_3,dip_4,1458,100
2020,pop_3,dip_4,1440,88
1982,pop_4,dip_4,551,115
1983,pop_4,dip_4,552,122
1984,pop_4,dip_4,541,150
1985,pop_4,dip_4,582,145
1986,pop_4,dip_4,570,141
1987,pop_4,dip_4,590,131
1988,pop_4,dip_4,577,125
1989,pop_4,dip_4,569,113
1990,pop_4,dip_4,539,105
1991,pop_4,dip_4,491,97
1992,pop_4,dip_4,440,97
1993,pop_4,dip_4,380,111
1994,pop_4,dip_4,347,104
1995,pop_4,dip_4,318,87
1996,pop_4,dip_4,269,84
1997,pop_4,dip_4,231,76
1998,pop_4,dip_4,230,71
1999,pop_4,dip_4,219,65
2000,pop_4,dip_4,244,58
2001,pop_4,dip_4,256,58
2002,pop_4,dip_4,257,55
2003,pop_4,dip_4,248,63
2004,pop_4,dip_4,213,62
2005,pop_4,dip_4,201,64
2006,pop_4,dip_4,198,77
2007,pop_4,dip_4,220,64
2008,pop_4,dip_4,220,69
2009,pop_4,dip_4,193,80
2010,pop_4,dip_4,194,72
2011,pop_4,dip_4,195,69
2012,pop_4,dip_4,180,64
2013,pop_4,dip_4,176,60
2014,pop_4,dip_4,158,57
2015,pop_4,dip_4,159,64
2016,pop_4,dip_4,166,64
2017,pop_4,dip_4,137,51
2018,pop_4,dip_4,128,51
2019,pop_4,dip_4,128,34
2020,pop_4,dip_4,116,40
1982,pop_5,dip_4,1179,86
1983,pop_5,dip_4,1236,90
1984,pop_5,dip_4,1258,113
1985,pop_5,dip_4,1322,120
1986,pop_5,dip_4,1413,135
1987,pop_5,dip_4,1476,152
1988,pop_5,dip_4,1538,170
1989,pop_5,dip_4,1584,165
1990,pop_5,dip_4,1655,174
1991,pop_5,dip_4,1776,176
1992,pop_5,dip_4,1831,217
1993,pop_5,dip_4,1881,224
1994,pop_5,dip_4,1889,259
1995,pop_5,dip_4,1918,256
1996,pop_5,dip_4,1958,262
1997,pop_5,dip_4,1965,258
1998,pop_5,dip_4,1957,266
1999,pop_5,dip_4,1964,266
2000,pop_5,dip_4,1998,221
2001,pop_5,dip_4,1989,205
2002,pop_5,dip_4,1933,198
2003,pop_5,dip_4,1891,208
2004,pop_5,dip_4,1894,207
2005,pop_5,dip_4,1830,193
2006,pop_5,dip_4,1797,173
2007,pop_5,dip_4,1800,160
2008,pop_5,dip_4,1808,145
2009,pop_5,dip_4,1715,181
2010,pop_5,dip_4,1683,173
2011,pop_5,dip_4,1565,172
2012,pop_5,dip_4,1530,177
2013,pop_5,dip_4,1554,196
2014,pop_5,dip_4,1548,203
2015,pop_5,dip_4,1452,205
2016,pop_5,dip_4,1465,196
2017,pop_5,dip_4,1405,172
2018,pop_5,dip_4,1349,179
2019,pop_5,dip_4,1318,158
2020,pop_5,dip_4,1166,131
1982,pop_6,dip_4,180,13
1983,pop_6,dip_4,171,15
1984,pop_6,dip_4,183,14
1985,pop_6,dip_4,195,16
1986,pop_6,dip_4,212,18
1987,pop_6,dip_4,218,21
1988,pop_6,dip_4,243,19
1989,pop_6,dip_4,244,20
1990,pop_6,dip_4,259,20
1991,pop_6,dip_4,250,20
1992,pop_6,dip_4,263,23
1993,pop_6,dip_4,286,22
1994,pop_6,dip_4,306,21
1995,pop_6,dip_4,334,23
1996,pop_6,dip_4,363,28
1997,pop_6,dip_4,373,29
1998,pop_6,dip_4,409,32
1999,pop_6,dip_4,445,32
2000,pop_6,dip_4,484,30
2001,pop_6,dip_4,529,31
2002,pop_6,dip_4,560,34
2003,pop_6,dip_4,603,34
2004,pop_6,dip_4,600,34
2005,pop_6,dip_4,633,25
2006,pop_6,dip_4,664,32
2007,pop_6,dip_4,712,27
2008,pop_6,dip_4,711,31
2009,pop_6,dip_4,732,40
2010,pop_6,dip_4,782,45
2011,pop_6,dip_4,802,49
2012,pop_6,dip_4,854,49
2013,pop_6,dip_4,918,63
2014,pop_6,dip_4,982,72
2015,pop_6,dip_4,1031,69
2016,pop_6,dip_4,1104,73
2017,pop_6,dip_4,1126,77
2018,pop_6,dip_4,1132,72
2019,pop_6,dip_4,1126,86
2020,pop_6,dip_4,1141,70
1982,pop_1,dip_5,238,23
1983,pop_1,dip_5,238,26
1984,pop_1,dip_5,224,26
1985,pop_1,dip_5,204,24
1986,pop_1,dip_5,204,23
1987,pop_1,dip_5,187,19
1988,pop_1,dip_5,161,17
1989,pop_1,dip_5,161,17
1990,pop_1,dip_5,144,16
1991,pop_1,dip_5,140,16
1992,pop_1,dip_5,128,12
1993,pop_1,dip_5,130,18
1994,pop_1,dip_5,120,19
1995,pop_1,dip_5,122,19
1996,pop_1,dip_5,117,21
1997,pop_1,dip_5,123,20
1998,pop_1,dip_5,124,18
1999,pop_1,dip_5,118,19
2000,pop_1,dip_5,137,19
2001,pop_1,dip_5,127,24
2002,pop_1,dip_5,133,22
2003,pop_1,dip_5,127,31
2004,pop_1,dip_5,133,38
2005,pop_1,dip_5,140,38
2006,pop_1,dip_5,136,48
2007,pop_1,dip_5,166,46
2008,pop_1,dip_5,166,46
2009,pop_1,dip_5,144,68
2010,pop_1,dip_5,141,56
2011,pop_1,dip_5,137,48
2012,pop_1,dip_5,135,54
2013,pop_1,dip_5,133,54
2014,pop_1,dip_5,103,55
2015,pop_1,dip_5,102,48
2016,pop_1,dip_5,106,46
2017,pop_1,dip_5,106,40
2018,pop_1,dip_5,100,47
2019,pop_1,dip_5,100,47
2020,pop_1,dip_5,104,38
1982,pop_2,dip_5,396,14
1983,pop_2,dip_5,431,15
1984,pop_2,dip_5,444,20
1985,pop_2,dip_5,466,19
1986,pop_2,dip_5,500,27
1987,pop_2,dip_5,497,23
1988,pop_2,dip_5,521,22
1989,pop_2,dip_5,531,23
1990,pop_2,dip_5,536,23
1991,pop_2,dip_5,536,25
1992,pop_2,dip_5,520,32
1993,pop_2,dip_5,515,43
1994,pop_2,dip_5,527,42
1995,pop_2,dip_5,519,46
1996,pop_2,dip_5,528,43
1997,pop_2,dip_5,491,50
1998,pop_2,dip_5,493,47
1999,pop_2,dip_5,478,47
2000,pop_2,dip_5,477,43
2001,pop_2,dip_5,500,40
2002,pop_2,dip_5,504,41
2003,pop_2,dip_5,520,45
2004,pop_2,dip_5,540,45
2005,pop_2,dip_5,577,58
2006,pop_2,dip_5,615,57
2007,pop_2,dip_5,604,52
2008,pop_2,dip_5,612,45
2009,pop_2,dip_5,582,63
2010,pop_2,dip_5,525,76
2011,pop_2,dip_5,517,67
2012,pop_2,dip_5,489,71
2013,pop_2,dip_5,391,67
2014,pop_2,dip_5,346,61
2015,pop_2,dip_5,328,54
2016,pop_2,dip_5,319,51
2017,pop_2,dip_5,337,55
2018,pop_2,dip_5,299,52
2019,pop_2,dip_5,287,48
2020,pop_2,dip_5,318,37
1982,pop_3,dip_5,111,6
1983,pop_3,dip_5,100,5
1984,pop_3,dip_5,103,5
1985,pop_3,dip_5,103,5
1986,pop_3,dip_5,106,4
1987,pop_3,dip_5,99,5
1988,pop_3,dip_5,100,4
1989,pop_3,dip_5,110,5
1990,pop_3,dip_5,109,5
1991,pop_3,dip_5,98,4
1992,pop_3,dip_5,92,7
1993,pop_3,dip_5,100,6
1994,pop_3,dip_5,106,10
1995,pop_3,dip_5,109,8
1996,pop_3,dip_5,112,7
1997,pop_3,dip_5,117,12
1998,pop_3,dip_5,124,11
1999,pop_3,dip_5,138,16
2000,pop_3,dip_5,153,12
2001,pop_3,dip_5,164,8
2002,pop_3,dip_5,173,10
2003,pop_3,dip_5,187,10
2004,pop_3,dip_5,190,10
2005,pop_3,dip_5,218,9
2006,pop_3,dip_5,251,8
2007,pop_3,dip_5,267,14
2008,pop_3,dip_5,269,13
2009,pop_3,dip_5,269,16
2010,pop_3,dip_5,285,17
2011,pop_3,dip_5,279,15
2012,pop_3,dip_5,262,16
2013,pop_3,dip_5,270,19
2014,pop_3,dip_5,239,17
2015,pop_3,dip_5,230,22
2016,pop_3,dip_5,234,21
2017,pop_3,dip_5,226,18
2018,pop_3,dip_5,212,13
2019,pop_3,dip_5,203,11
2020,pop_3,dip_5,223,14
1982,pop_4,dip_5,187,32
1983,pop_4,dip_5,175,31
1984,pop_4,dip_5,163,41
1985,pop_4,dip_5,162,34
1986,pop_4,dip_5,155,35
1987,pop_4,dip_5,140,29
1988,pop_4,dip_5,135,28
1989,pop_4,dip_5,128,22
1990,pop_4,dip_5,121,22
1991,pop_4,dip_5,99,22
1992,pop_4,dip_5,92,25
1993,pop_4,dip_5,103,24
1994,pop_4,dip_5,85,25
1995,pop_4,dip_5,86,22
1996,pop_4,dip_5,87,20
1997,pop_4,dip_5,75,22
1998,pop_4,dip_5,79,21
1999,pop_4,dip_5,74,22
2000,pop_4,dip_5,84,18
2001,pop_4,dip_5,88,21
2002,pop_4,dip_5,86,20
2003,pop_4,dip_5,83,27
2004,pop_4,dip_5,75,32
2005,pop_4,dip_5,73,36
2006,pop_4,dip_5,98,49
2007,pop_4,dip_5,104,43
2008,pop_4,dip_5,98,38
2009,pop_4,dip_5,100,51
2010,pop_4,dip_5,84,52
2011,pop_4,dip_5,87,47
2012,pop_4,dip_5,81,43
2013,pop_4,dip_5,70,41
2014,pop_4,dip_5,59,32
2015,pop_4,dip_5,69,31
2016,pop_4,dip_5,53,28
2017,pop_4,dip_5,59,30
2018,pop_4,dip_5,64,26
2019,pop_4,dip_5,65,26
2020,pop_4,dip_5,45,24
1982,pop_5,dip_5,478,25
1983,pop_5,dip_5,478,31
1984,pop_5,dip_5,514,42
1985,pop_5,dip_5,530,44
1986,pop_5,dip_5,561,46
1987,pop_5,dip_5,549,58
1988,pop_5,dip_5,599,51
1989,pop_5,dip_5,651,58
1990,pop_5,dip_5,679,54
1991,pop_5,dip_5,650,56
1992,pop_5,dip_5,643,63
1993,pop_5,dip_5,674,64
1994,pop_5,dip_5,693,73
1995,pop_5,dip_5,702,70
1996,pop_5,dip_5,697,71
1997,pop_5,dip_5,648,73
1998,pop_5,dip_5,639,68
1999,pop_5,dip_5,618,66
2000,pop_5,dip_5,602,63
2001,pop_5,dip_5,602,59
2002,pop_5,dip_5,608,53
2003,pop_5,dip_5,590,60
2004,pop_5,dip_5,584,68
2005,pop_5,dip_5,554,75
2006,pop_5,dip_5,610,76
2007,pop_5,dip_5,606,63
2008,pop_5,dip_5,592,61
2009,pop_5,dip_5,536,70
2010,pop_5,dip_5,525,75
2011,pop_5,dip_5,499,73
2012,pop_5,dip_5,432,69
2013,pop_5,dip_5,336,66
2014,pop_5,dip_5,284,49
2015,pop_5,dip_5,256,50
2016,pop_5,dip_5,238,49
2017,pop_5,dip_5,244,44
2018,pop_5,dip_5,226,43
2019,pop_5,dip_5,194,45
2020,pop_5,dip_5,205,37
1982,pop_6,dip_5,140,3
1983,pop_6,dip_5,131,2
1984,pop_6,dip_5,131,3
1985,pop_6,dip_5,132,3
1986,pop_6,dip_5,130,3
1987,pop_6,dip_5,131,3
1988,pop_6,dip_5,126,4
1989,pop_6,dip_5,137,4
1990,pop_6,dip_5,131,4
1991,pop_6,dip_5,121,4
1992,pop_6,dip_5,113,5
1993,pop_6,dip_5,127,5
1994,pop_6,dip_5,129,6
1995,pop_6,dip_5,149,5
1996,pop_6,dip_5,147,5
1997,pop_6,dip_5,161,9
1998,pop_6,dip_5,160,7
1999,pop_6,dip_5,182,6
2000,pop_6,dip_5,195,8
2001,pop_6,dip_5,190,9
2002,pop_6,dip_5,211,7
2003,pop_6,dip_5,231,8
2004,pop_6,dip_5,238,10
2005,pop_6,dip_5,290,15
2006,pop_6,dip_5,300,13
2007,pop_6,dip_5,337,16
2008,pop_6,dip_5,329,16
2009,pop_6,dip_5,321,15
2010,pop_6,dip_5,340,20
2011,pop_6,dip_5,357,22
2012,pop_6,dip_5,372,23
2013,pop_6,dip_5,333,25
2014,pop_6,dip_5,323,21
2015,pop_6,dip_5,345,21
2016,pop_6,dip_5,324,22
2017,pop_6,dip_5,314,20
2018,pop_6,dip_5,303,21
2019,pop_6,dip_5,282,18
2020,pop_6,dip_5,268,19
1982,pop_1,dip_6,853,164
1983,pop_1,dip_6,770,181
1984,pop_1,dip_6,655,219
1985,pop_1,dip_6,665,230
1986,pop_1,dip_6,620,213
1987,pop_1,dip_6,637,183
1988,pop_1,dip_6,623,172
1989,pop_1,dip_6,618,143
1990,pop_1,dip_6,576,143
1991,pop_1,dip_6,515,141
1992,pop_1,dip_6,464,140
1993,pop_1,dip_6,374,143
1994,pop_1,dip_6,345,136
1995,pop_1,dip_6,331,114
1996,pop_1,dip_6,312,125
1997,pop_1,dip_6,264,117
1998,pop_1,dip_6,270,114
1999,pop_1,dip_6,245,110
2000,pop_1,dip_6,235,95
2001,pop_1,dip_6,240,91
2002,pop_1,dip_6,239,92
2003,pop_1,dip_6,234,98
2004,pop_1,dip_6,223,96
2005,pop_1,dip_6,226,106
2006,pop_1,dip_6,213,107
2007,pop_1,dip_6,220,103
2008,pop_1,dip_6,177,97
2009,pop_1,dip_6,162,117
2010,pop_1,dip_6,184,112
2011,pop_1,dip_6,166,109
2012,pop_1,dip_6,141,110
2013,pop_1,dip_6,125,89
2014,pop_1,dip_6,100,80
2015,pop_1,dip_6,94,81
2016,pop_1,dip_6,99,82
2017,pop_1,dip_6,98,81
2018,pop_1,dip_6,111,73
2019,pop_1,dip_6,98,62
2020,pop_1,dip_6,99,54
1982,pop_2,dip_6,3684,178
1983,pop_2,dip_6,3574,189
1984,pop_2,dip_6,3426,236
1985,pop_2,dip_6,3346,247
1986,pop_2,dip_6,3202,263
1987,pop_2,dip_6,3104,275
1988,pop_2,dip_6,2971,269
1989,pop_2,dip_6,2946,259
1990,pop_2,dip_6,2872,255
1991,pop_2,dip_6,2840,263
1992,pop_2,dip_6,2806,303
1993,pop_2,dip_6,2650,332
1994,pop_2,dip_6,2527,360
1995,pop_2,dip_6,2483,332
1996,pop_2,dip_6,2465,351
1997,pop_2,dip_6,2368,349
1998,pop_2,dip_6,2266,329
1999,pop_2,dip_6,2169,329
2000,pop_2,dip_6,2151,265
2001,pop_2,dip_6,2055,227
2002,pop_2,dip_6,1953,238
2003,pop_2,dip_6,1840,251
2004,pop_2,dip_6,1767,269
2005,pop_2,dip_6,1672,254
2006,pop_2,dip_6,1539,244
2007,pop_2,dip_6,1455,226
2008,pop_2,dip_6,1440,205
2009,pop_2,dip_6,1321,240
2010,pop_2,dip_6,1285,256
2011,pop_2,dip_6,1264,252
2012,pop_2,dip_6,1224,252
2013,pop_2,dip_6,1073,246
2014,pop_2,dip_6,946,231
2015,pop_2,dip_6,883,234
2016,pop_2,dip_6,845,219
2017,pop_2,dip_6,837,204
2018,pop_2,dip_6,825,173
2019,pop_2,dip_6,806,149
2020,pop_2,dip_6,731,134
1982,pop_3,dip_6,1975,74
1983,pop_3,dip_6,1871,84
1984,pop_3,dip_6,1811,87
1985,pop_3,dip_6,1756,101
1986,pop_3,dip_6,1684,102
1987,pop_3,dip_6,1567,100
1988,pop_3,dip_6,1539,94
1989,pop_3,dip_6,1461,85
1990,pop_3,dip_6,1407,77
1991,pop_3,dip_6,1300,73
1992,pop_3,dip_6,1216,84
1993,pop_3,dip_6,1127,78
1994,pop_3,dip_6,1046,78
1995,pop_3,dip_6,1003,75
1996,pop_3,dip_6,997,81
1997,pop_3,dip_6,976,92
1998,pop_3,dip_6,969,90
1999,pop_3,dip_6,963,89
2000,pop_3,dip_6,980,76
2001,pop_3,dip_6,987,64
2002,pop_3,dip_6,1012,67
2003,pop_3,dip_6,1004,72
2004,pop_3,dip_6,978,73
2005,pop_3,dip_6,929,71
2006,pop_3,dip_6,923,74
2007,pop_3,dip_6,891,66
2008,pop_3,dip_6,871,63
2009,pop_3,dip_6,896,77
2010,pop_3,dip_6,856,78
2011,pop_3,dip_6,843,84
2012,pop_3,dip_6,875,104
2013,pop_3,dip_6,793,101
2014,pop_3,dip_6,707,95
2015,pop_3,dip_6,695,100
2016,pop_3,dip_6,679,100
2017,pop_3,dip_6,723,95
2018,pop_3,dip_6,722,81
2019,pop_3,dip_6,686,78
2020,pop_3,dip_6,638,59
1982,pop_4,dip_6,527,212
1983,pop_4,dip_6,477,203
1984,pop_4,dip_6,401,232
1985,pop_4,dip_6,364,227
1986,pop_4,dip_6,355,207
1987,pop_4,dip_6,357,207
1988,pop_4,dip_6,328,171
1989,pop_4,dip_6,339,153
1990,pop_4,dip_6,313,133
1991,pop_4,dip_6,280,120
1992,pop_4,dip_6,248,119
1993,pop_4,dip_6,218,107
1994,pop_4,dip_6,182,108
1995,pop_4,dip_6,167,107
1996,pop_4,dip_6,152,88
1997,pop_4,dip_6,135,75
1998,pop_4,dip_6,123,68
1999,pop_4,dip_6,125,64
2000,pop_4,dip_6,118,59
2001,pop_4,dip_6,106,58
2002,pop_4,dip_6,110,52
2003,pop_4,dip_6,102,59
2004,pop_4,dip_6,96,63
2005,pop_4,dip_6,97,61
2006,pop_4,dip_6,77,63
2007,pop_4,dip_6,67,56
2008,pop_4,dip_6,76,47
2009,pop_4,dip_6,79,55
2010,pop_4,dip_6,70,58
2011,pop_4,dip_6,70,56
2012,pop_4,dip_6,67,56
2013,pop_4,dip_6,56,60
2014,pop_4,dip_6,52,43
2015,pop_4,dip_6,43,42
2016,pop_4,dip_6,40,45
2017,pop_4,dip_6,37,32
2018,pop_4,dip_6,32,27
2019,pop_4,dip_6,32,31
2020,pop_4,dip_6,31,32
1982,pop_5,dip_6,2442,220
1983,pop_5,dip_6,2436,228
1984,pop_5,dip_6,2375,244
1985,pop_5,dip_6,2316,284
1986,pop_5,dip_6,2248,309
1987,pop_5,dip_6,2139,327
1988,pop_5,dip_6,2049,345
1989,pop_5,dip_6,2055,345
1990,pop_5,dip_6,2033,337
1991,pop_5,dip_6,2045,338
1992,pop_5,dip_6,2054,370
1993,pop_5,dip_6,1973,376
1994,pop_5,dip_6,1922,395
1995,pop_5,dip_6,1908,373
1996,pop_5,dip_6,1849,390
1997,pop_5,dip_6,1786,371
1998,pop_5,dip_6,1714,362
1999,pop_5,dip_6,1610,348
2000,pop_5,dip_6,1532,327
2001,pop_5,dip_6,1485,286
2002,pop_5,dip_6,1407,253
2003,pop_5,dip_6,1338,254
2004,pop_5,dip_6,1284,236
2005,pop_5,dip_6,1213,243
2006,pop_5,dip_6,1105,231
2007,pop_5,dip_6,1048,194
2008,pop_5,dip_6,965,181
2009,pop_5,dip_6,885,196
2010,pop_5,dip_6,863,214
2011,pop_5,dip_6,816,207
2012,pop_5,dip_6,752,203
2013,pop_5,dip_6,693,193
2014,pop_5,dip_6,622,165
2015,pop_5,dip_6,556,152
2016,pop_5,dip_6,503,169
2017,pop_5,dip_6,532,163
2018,pop_5,dip_6,505,137
2019,pop_5,dip_6,459,113
2020,pop_5,dip_6,439,94
1982,pop_6,dip_6,1310,74
1983,pop_6,dip_6,1247,69
1984,pop_6,dip_6,1236,78
1985,pop_6,dip_6,1194,80
1986,pop_6,dip_6,1157,74
1987,pop_6,dip_6,1146,88
1988,pop_6,dip_6,1110,90
1989,pop_6,dip_6,1094,86
1990,pop_6,dip_6,1046,81
1991,pop_6,dip_6,1010,84
1992,pop_6,dip_6,951,81
1993,pop_6,dip_6,908,72
1994,pop_6,dip_6,883,69
1995,pop_6,dip_6,851,66
1996,pop_6,dip_6,826,75
1997,pop_6,dip_6,812,83
1998,pop_6,dip_6,812,84
1999,pop_6,dip_6,862,88
2000,pop_6,dip_6,852,81
2001,pop_6,dip_6,869,69
2002,pop_6,dip_6,897,69
2003,pop_6,dip_6,937,76
2004,pop_6,dip_6,989,81
2005,pop_6,dip_6,967,81
2006,pop_6,dip_6,963,81
2007,pop_6,dip_6,924,70
2008,pop_6,dip_6,872,63
2009,pop_6,dip_6,913,74
2010,pop_6,dip_6,907,82
2011,pop_6,dip_6,896,82
2012,pop_6,dip_6,892,88
2013,pop_6,dip_6,838,89
2014,pop_6,dip_6,794,93
2015,pop_6,dip_6,738,90
2016,pop_6,dip_6,721,82
2017,pop_6,dip_6,709,84
2018,pop_6,dip_6,651,84
2019,pop_6,dip_6,599,67
2020,pop_6,dip_6,565,50
